[
  {
    "value": "Extra Extra Large",
    "synonyms": [
      "Extra Extra Large",
      "XXL",
      "extra extra large",
      "double XL",
      "two X",
      "double X"
    ]
  },
  {
    "value": "Small",
    "synonyms": [
      "Small",
      "s",
      "small"
    ]
  },
  {
    "value": "Large",
    "synonyms": [
      "Large",
      "large",
      "L"
    ]
  },
  {
    "value": "Medium",
    "synonyms": [
      "Medium",
      "medium",
      "M"
    ]
  },
  {
    "value": "Extra Small",
    "synonyms": [
      "Extra Small",
      "extra small",
      "XS"
    ]
  },
  {
    "value": "Extra Large",
    "synonyms": [
      "Extra Large",
      "XL",
      "extra large"
    ]
  }
]