[
  {
    "id": "07ca4b67-19f0-4e47-929e-21b79ab4c07a",
    "data": [
      {
        "text": "XXL",
        "meta": "@shirt-size",
        "alias": "shirt-size",
        "userDefined": false
      }
    ],
    "isTemplate": false,
    "count": 0,
    "lang": "en",
    "updated": 0
  },
  {
    "id": "68a7fcd8-7f92-4faf-ab1d-b4b57be8cb1e",
    "data": [
      {
        "text": "S",
        "meta": "@shirt-size",
        "alias": "shirt-size",
        "userDefined": false
      }
    ],
    "isTemplate": false,
    "count": 0,
    "lang": "en",
    "updated": 0
  },
  {
    "id": "77eef668-346b-4f5d-8e9f-27d7526e1e86",
    "data": [
      {
        "text": "L",
        "meta": "@shirt-size",
        "alias": "shirt-size",
        "userDefined": false
      }
    ],
    "isTemplate": false,
    "count": 0,
    "lang": "en",
    "updated": 0
  },
  {
    "id": "435696d8-2e03-4e89-8921-906b8da216b5",
    "data": [
      {
        "text": "M",
        "meta": "@shirt-size",
        "alias": "shirt-size",
        "userDefined": false
      }
    ],
    "isTemplate": false,
    "count": 0,
    "lang": "en",
    "updated": 0
  },
  {
    "id": "abcb004a-45da-46df-996a-fa76494aaa66",
    "data": [
      {
        "text": "XS",
        "meta": "@shirt-size",
        "alias": "shirt-size",
        "userDefined": false
      }
    ],
    "isTemplate": false,
    "count": 0,
    "lang": "en",
    "updated": 0
  },
  {
    "id": "e06e6216-cad0-4d92-a175-f484b488ab11",
    "data": [
      {
        "text": "XL",
        "userDefined": false
      }
    ],
    "isTemplate": false,
    "count": 0,
    "lang": "en",
    "updated": 0
  }
]