[
  {
    "id": "e9df06f0-b735-4162-ae35-b9429a7adcdb",
    "data": [
      {
        "text": "I need to update my last name",
        "userDefined": false
      }
    ],
    "isTemplate": false,
    "count": 0,
    "lang": "en",
    "updated": 0
  },
  {
    "id": "e6342c2b-6504-4d7f-b8aa-e7605f0e5368",
    "data": [
      {
        "text": "I want to change my name on my hotel reservation",
        "userDefined": false
      }
    ],
    "isTemplate": false,
    "count": 0,
    "lang": "en",
    "updated": 0
  },
  {
    "id": "8d9594af-39b9-45fd-9d68-ab1fdf748354",
    "data": [
      {
        "text": "I ned to change my name on the booking",
        "userDefined": false
      }
    ],
    "isTemplate": false,
    "count": 0,
    "lang": "en",
    "updated": 0
  },
  {
    "id": "f577ca5c-cf1f-41e8-afee-4d9af1a547ed",
    "data": [
      {
        "text": "Can I change name on my reservation?",
        "userDefined": false
      }
    ],
    "isTemplate": false,
    "count": 0,
    "lang": "en",
    "updated": 0
  },
  {
    "id": "e848a859-be25-4d04-a180-52476e36cd31",
    "data": [
      {
        "text": "I want to change name on my itinerary",
        "userDefined": false
      }
    ],
    "isTemplate": false,
    "count": 0,
    "lang": "en",
    "updated": 0
  }
]